Workbook

Sheet Summary
A1: Intellia360 — Functionality Checklist
A2: Features built or fixed on branch feature/authentication. Last verified 15 Sep 2026 on a local dev server (Windows).
A4: Area (sheet) | B4: What it covers | C4: Checks | D4: Pass | E4: Verified in code | F4: Not tested | G4: Known limitation
A5: =HYPERLINK("#'User Management'!A1","User Management") | B5: Admin-only user and role management; Users removed from the Editor | C5: =COUNTA('User Management'!A:A)-1 | D5: =COUNTIF('User Management'!G:G,"Pass") | E5: =COUNTIF('User Management'!G:G,"Verified in code") | F5: =COUNTIF('User Management'!G:G,"Not tested") | G5: =COUNTIF('User Management'!G:G,"Known limitation")
A6: =HYPERLINK("#'Lesson Editor'!A1","Lesson Editor") | B6: Lesson module links, validation and saving (local and read-only server) | C6: =COUNTA('Lesson Editor'!A:A)-1 | D6: =COUNTIF('Lesson Editor'!G:G,"Pass") | E6: =COUNTIF('Lesson Editor'!G:G,"Verified in code") | F6: =COUNTIF('Lesson Editor'!G:G,"Not tested") | G6: =COUNTIF('Lesson Editor'!G:G,"Known limitation")
A7: =HYPERLINK("#'Student Lesson Page'!A1","Student Lesson Page") | B7: Architecture / Videos / EduNotes inside /student/lesson/[id] | C7: =COUNTA('Student Lesson Page'!A:A)-1 | D7: =COUNTIF('Student Lesson Page'!G:G,"Pass") | E7: =COUNTIF('Student Lesson Page'!G:G,"Verified in code") | F7: =COUNTIF('Student Lesson Page'!G:G,"Not tested") | G7: =COUNTIF('Student Lesson Page'!G:G,"Known limitation")
A8: =HYPERLINK("#'EduNotes & Videos'!A1","EduNotes & Videos") | B8: EduNotes PDFs and lesson videos | C8: =COUNTA('EduNotes & Videos'!A:A)-1 | D8: =COUNTIF('EduNotes & Videos'!G:G,"Pass") | E8: =COUNTIF('EduNotes & Videos'!G:G,"Verified in code") | F8: =COUNTIF('EduNotes & Videos'!G:G,"Not tested") | G8: =COUNTIF('EduNotes & Videos'!G:G,"Known limitation")
A9: =HYPERLINK("#'Curriculum & Grades'!A1","Curriculum & Grades") | B9: Curriculum and Grades editors, including read-only server support | C9: =COUNTA('Curriculum & Grades'!A:A)-1 | D9: =COUNTIF('Curriculum & Grades'!G:G,"Pass") | E9: =COUNTIF('Curriculum & Grades'!G:G,"Verified in code") | F9: =COUNTIF('Curriculum & Grades'!G:G,"Not tested") | G9: =COUNTIF('Curriculum & Grades'!G:G,"Known limitation")
A10: Total | C10: =SUM(C5:C9) | D10: =SUM(D5:D9) | E10: =SUM(E5:E9) | F10: =SUM(F5:F9) | G10: =SUM(G5:G9)
A12: Result legend
A13: Pass | B13: Tested in this session (browser, API call or script) and worked.
A14: Verified in code | B14: Implemented and type-checked/linted, but not exercised end-to-end.
A15: Not tested | B15: No verification yet.
A16: Known limitation | B16: Works, with a documented limit or external constraint.
A18: See also
A19: =HYPERLINK("#'Grades 1-12 Data'!A1","Grades 1-12 Data") | B19: Per-grade lesson data resolution results
A20: =HYPERLINK("#'Known Issues'!A1","Known Issues") | B20: Open issues and suggested next steps

Sheet User Management
A1: ID | B1: Functionality | C1: Who uses it | D1: How to use / steps | E1: Expected result | F1: Test method | G1: Result | H1: Evidence / notes | I1: Key files
A2: UM-01 | B2: Users page removed from the Editor console | C2: Editor | D2: Log in as an Editor and open the sidebar and dashboard. | E2: No Users link, no user count, no 'Users by Role' panel; Editor sees content tools only. | F2: Code review + type check | G2: Verified in code | H2: Page, nav link, dashboard widgets and user stats removed. Not clicked through in a browser. | I2: src/app/editor/layout.tsx; src/app/editor/dashboard/page.tsx; src/app/api/editor/stats/route.ts
A3: UM-02 | B3: Editor user APIs removed | C3: Editor | D3: Call GET/POST /api/editor/users or PATCH/DELETE /api/editor/users/[id]. | E3: Routes no longer exist (404). Editors can no longer create ADMIN accounts. | F3: Code review | G3: Verified in code | H3: Route files deleted. | I3: src/app/api/editor/users/** (deleted)
A4: UM-03 | B4: Users & Roles page lists every account | C4: Admin | D4: Admin → People → Users → All Users & Roles. Search by name/email, filter by role, tick 'Show deactivated', page through results. | E4: Table shows name, email, role, status (Active / Unverified / Deactivated) and joined date; filters and paging update the list. | F4: Type check + lint | G4: Verified in code | H4: Not browser-tested. | I4: src/app/admin/users/page.tsx; src/app/api/admin/users/route.ts
A5: UM-04 | B5: Summary cards filter the table | C5: Admin | D5: Click the Total users / Role requests / Admins / Editors cards. | E5: Table filters to that group; the active card is highlighted. | F5: Type check + lint | G5: Verified in code | H5: Not browser-tested. | I5: src/app/admin/users/page.tsx
A6: UM-05 | B6: Change a user's role | C6: Admin | D6: Click 'Change role', pick a role, click Save role. | E6: Role updated; extra confirmation when granting ADMIN; an admin cannot remove their own ADMIN role; takes effect at the user's next sign-in. | F6: Type check + lint | G6: Verified in code | H6: Uses the existing PATCH /api/admin/users/[id]/role (audited). | I6: src/app/admin/users/page.tsx; src/app/api/admin/users/[userId]/role/route.ts
A7: UM-06 | B7: Approve a pending role request | C7: Admin | D7: Open the 'Role requests' tab, click 'Approve <ROLE>'. | E7: User gets the requested role and leaves the pending list. | F7: Type check + lint | G7: Verified in code | H7: Not browser-tested. | I7: src/app/admin/users/page.tsx
A8: UM-07 | B8: Deactivate and restore an account | C8: Admin | D8: Click Deactivate (confirm). Tick 'Show deactivated', click Restore. | E8: Account marked Deactivated with history kept; Restore brings it back. An admin cannot deactivate themselves. | F8: Type check + lint | G8: Verified in code | H8: Uses the existing soft-delete API. | I8: src/app/api/admin/users/[userId]/route.ts
A9: UM-08 | B9: Permanently delete a deactivated account | C9: Admin | D9: Tick 'Show deactivated' → 'Delete forever' → confirm. | E9: Only allowed for already-deactivated accounts; history erased; audit entry records what was destroyed. | F9: Type check + lint | G9: Verified in code | H9: Not browser-tested. | I9: src/app/api/admin/users/[userId]/route.ts
A10: UM-09 | B10: Create a user with a role | C10: Admin | D10: Click '+ New User', enter name, email, password and role → Create user. | E10: Account created with the role and its profile; same password rules as sign-up; duplicate email rejected; audit entry written. | F10: Type check + lint | G10: Verified in code | H10: POST /api/admin/users. Not browser-tested. | I10: src/app/api/admin/users/route.ts; src/data/admin/tables.ts

Sheet Lesson Editor
A1: ID | B1: Functionality | C1: Who uses it | D1: How to use / steps | E1: Expected result | F1: Test method | G1: Result | H1: Evidence / notes | I1: Key files
A2: LE-01 | B2: Module URL fields accept site paths and full links | C2: Editor | D2: Editor → Lessons → Edit lesson → Module URLs. Enter e.g. https://placetens.vercel.app/ or /student/quiz/practice-1. | E2: Save is no longer blocked by the browser's URL check; the value is saved exactly. | F2: API call (Editor save) | G2: Pass | H2: Saved Architecture https://number-counting-gamma.vercel.app/ and Video https://www.youtube.com/watch?v=6hyYVLv8hzY → 200 'Lesson saved.' | I2: src/app/editor/lessons/[gradeId]/[lessonId]/page.tsx
A3: LE-02 | B3: Link required only when the module is Enabled | C3: Editor | D3: Untick Enabled and leave the link empty → Save. Tick Enabled with an empty link → Save. | E3: Disabled + empty saves fine; Enabled + empty shows 'Add a link, or untick Enabled.' | F3: Validation script | G3: Pass | H3: Both cases checked. | I3: src/lib/content/lesson-modules.ts
A4: LE-03 | B4: Invalid link formats rejected | C4: Editor | D4: Enter 'student/lesson', '//evil.com' or 'javascript:alert(1)'. | E4: Field error: use a site path or a full https:// link. | F4: Validation script | G4: Pass | H4: All three rejected; /student/lesson/video and https links accepted. | I4: src/lib/content/lesson-modules.ts
A5: LE-04 | B5: Architecture / Video links limited to embeddable sites | C5: Editor | D5: Enter an Architecture link on another site, e.g. https://example.com/lesson → Save. | E5: 422 with a message; allowed sites are *.vercel.app, YouTube (incl. youtu.be) and Google Drive. | F5: API call + validation script | G5: Pass | H5: example.com → 422 'Students can't open this site inside the lesson…'; lesson file unchanged. vimeo.com video rejected; youtu.be and Drive accepted. | I5: src/lib/content/lesson-modules.ts; next.config.ts (frame-src)
A6: LE-05 | B6: Save writes the lesson JSON (local / writable server) | C6: Editor | D6: Save a lesson on a local dev server. | E6: Lesson JSON file contains the saved values; response storedIn = file. | F6: API call + file check | G6: Pass | H6: grade1/lessons/counting-up-to-100.json contained both saved URLs; practiceModule unchanged. | I6: src/lib/content/lesson-store.ts; src/lib/content/curriculum-store.ts
A7: LE-06 | B7: Save works on a read-only server (Vercel) | C7: Editor | D7: Save a lesson on the deployed site. | E7: Saved to the database instead of failing with 'Save failed (500)'; the message says it was saved to the database. | F7: Read-only simulation script | G7: Pass | H7: Store forced read-only: save → storedIn database, no file written. Not yet tested on a real Vercel deploy. | I7: src/lib/content/curriculum-store.ts; src/app/api/editor/lessons/[gradeId]/[lessonId]/route.ts
A8: LE-07 | B8: Save errors shown instead of a stuck 'Saving…' | C8: Editor | D8: Trigger a failing save (e.g. a server error). | E8: Message explains the failure (e.g. read-only filesystem, database unreachable); the button re-enables. | F8: Code review | G8: Verified in code | H8: The earlier 'Save failed (500)' screenshot showed the error surfacing instead of hanging. | I8: src/app/editor/lessons/[gradeId]/[lessonId]/page.tsx
A9: LE-08 | B9: Form and Raw JSON tabs stay in sync | C9: Editor | D9: Edit in Form, switch to Raw JSON (and back), save from either tab. | E9: Unsaved edits carry across tabs; saving one tab never writes stale values from the other. | F9: Code review | G9: Verified in code | H9: Not browser-tested. | I9: src/app/editor/lessons/[gradeId]/[lessonId]/page.tsx
A10: LE-09 | B10: Lesson list includes database-only lessons | C10: Editor | D10: On a read-only server, create a lesson and open the grade's lesson list. | E10: The new lesson appears in the list. | F10: Read-only simulation script | G10: Pass | H10: listLessons(grade99) → ['test-topic']. | I10: src/lib/content/lesson-store.ts
A11: LE-10 | B11: Delete a lesson | C11: Editor | D11: Lessons list → Delete. | E11: Locally the file is removed; on a read-only server a tombstone hides it. Content stays recoverable from the mirror. | F11: Read-only simulation script | G11: Pass | H11: Read-only delete → readLesson returns null, list empty. | I11: src/lib/content/lesson-store.ts
A12: LE-11 | B12: Create a lesson | C12: Editor | D12: Lessons → create form (id, title, chapter, URLs). | E12: Lesson created; a module is only enabled when it was given a link. | F12: Code review | G12: Verified in code | H12: POST route not called in tests. | I12: src/app/api/editor/lessons/[gradeId]/route.ts
A13: LE-12 | B13: Existing lesson files pass the new validation | C13: Editor | D13: Open and save any existing lesson. | E13: No validation errors on existing data. | F13: Validation script | G13: Pass | H13: All 8 lesson files (Grade 1 ×7, Grade 2 ×1) OK. | I13: src/data/grades/*/lessons/*.json

Sheet Student Lesson Page
A1: ID | B1: Functionality | C1: Who uses it | D1: How to use / steps | E1: Expected result | F1: Test method | G1: Result | H1: Evidence / notes | I1: Key files
A2: SL-01 | B2: Architecture loads the Editor-saved URL | C2: Student | D2: Open /student/lesson/counting-numbers-up-to-100 (Lesson button). | E2: Interactive lesson framed inside the Lesson Player card, using the URL from lesson data. | F2: Browser (headless Chrome) | G2: Pass | H2: iframe src = https://number-counting-gamma.vercel.app/ (hard-coded URL map removed). | I2: src/app/student/lesson/[id]/page.tsx; src/lib/student/lesson-resources.ts
A3: SL-02 | B3: Videos button plays the Editor-saved video in the lesson page | C3: Student | D3: Click 'Videos' on the lesson page. | E3: URL becomes ?module=video; the YouTube video plays in the existing video player. | F3: Browser (headless Chrome) | G3: Pass | H3: iframe youtube-nocookie.com/embed/6hyYVLv8hzY. | I3: src/app/student/lesson/[id]/page.tsx
A4: SL-03 | B4: EduNotes button opens the book in the lesson page | C4: Student | D4: Click 'EduNotes', then 'Open Book →'. | E4: EduNotesBookViewer opens inside the lesson page and PDF pages render. | F4: Browser (headless Chrome) | G4: Pass | H4: 13-page book; PDF canvases rendered. | I4: src/app/student/lesson/[id]/page.tsx; src/components/student/EduNotesBookViewer.tsx (unchanged)
A5: SL-04 | B5: One Header and Sidebar only | C5: Student | D5: Switch between Lesson, Videos and EduNotes. | E5: No student route is framed inside another; exactly one Header and Sidebar. | F5: Browser (headless Chrome) | G5: Pass | H5: student-shell count = 1 on every module. | I5: src/components/student/LessonResourceNav.tsx
A6: SL-05 | B6: Unavailable modules show the existing states | C6: Student | D6: Open a lesson whose modules are disabled, e.g. numbers-and-counting-test-series. | E6: 'Lesson Architecture Coming Soon', 'Videos coming soon', 'EduNotes not available' — no crash. | F6: Browser (headless Chrome) | G6: Pass | H6: All three states shown. | I6: src/app/student/lesson/[id]/page.tsx
A7: SL-06 | B7: Lesson uses the student's own grade (no wrong-grade flash) | C7: Student | D7: Open a lesson link without ?grade=. | E7: Lesson data is requested once, with the grade from the student profile. | F7: Browser (headless Chrome) | G7: Pass | H7: Cached grade3 + profile grade1 → single request grade=grade1 (lesson and video pages). | I7: src/context/StudentContext.tsx (gradeReady); src/app/student/lesson/[id]/page.tsx
A8: SL-07 | B8: Module buttons carry the grade | C8: Student | D8: Inspect the Lesson / Videos / EduNotes button links. | E8: Links are /student/lesson/<id>?module=…&grade=<grade>. | F8: Browser (headless Chrome) | G8: Pass | H8: All three hrefs include grade=grade1. | I8: src/components/student/LessonResourceNav.tsx
A9: SL-08 | B9: Grade 2 lesson loads Grade 2 data | C9: Student | D9: Open /student/lesson/counting-numbers-up-to-200?grade=grade2. | E9: The Grade 2 interactive lesson loads. | F9: Browser (headless Chrome) | G9: Pass | H9: iframe src = https://grade2-numbers-to-200.vercel.app/. | I9: src/lib/student/lesson-resources.ts
A10: SL-09 | B10: Lesson files with a different ID still match their topic | C10: Student | D10: Open reading-and-writing-numbers or ordinal-numbers-first-second-third. | E10: Lesson file matched by title; EduNotes found. | F10: API call | G10: Pass | H10: Both resolved with EduNotes available. | I10: src/lib/student/lesson-resources.ts
A11: SL-10 | B11: Old /student/lesson/architecture link forwards | C11: Student | D11: Open /student/lesson/architecture?lessonId=counting-numbers-up-to-100. | E11: Redirects to /student/lesson/counting-numbers-up-to-100 and loads the architecture. | F11: Browser (headless Chrome) | G11: Pass | H11: Hard-coded URL removed from that route. | I11: src/app/student/lesson/architecture/page.tsx
A12: SL-11 | B12: Unknown lesson, bad grade and no session handled | C12: Student | D12: Request an unknown lesson id, an invalid grade, or call the API signed out. | E12: Unknown → unavailable (found:false); invalid grade → 400; signed out → 401. | F12: API call | G12: Pass | H12: no-such-lesson found:false; ../../etc → 400; no cookie → 401. | I12: src/app/api/student/lesson-resources/route.ts
... A14: SL-13 | B14: Links on non-embeddable sites show 'unavailable' instead of a blank frame | C14: Student | D14: Lesson data containing a link on a site the CSP does not allow. | E14: Falls back to the next source or the unavailable state. | F14: Code review | G14: Verified in code | H14: No such links exist in current data. | I14: src/lib/student/lesson-resources.ts

Sheet EduNotes & Videos
A1: ID | B1: Functionality | C1: Who uses it | D1: How to use / steps | E1: Expected result | F1: Test method | G1: Result | H1: Evidence / notes | I1: Key files
A2: EV-01 | B2: EduNotes from the existing Drive registry | C2: Student | D2: Open EduNotes for a Grade 1 lesson with a registered PDF. | E2: Metadata 200; PDF served as application/pdf. | F2: API call | G2: Pass | H2: counting-numbers-up-to-100: 18,764,667 bytes, starts with %PDF-. | I2: src/lib/student/edunotes.ts; src/app/api/student/edunotes/**
A3: EV-02 | B3: EduNotes link added in the Editor (Google Drive) | C3: Editor | D3: Paste the Drive 'Copy link' URL into the lesson's EduNotes field, tick Enabled, Save. | E3: Accepted formats: drive.google.com/file/d/<ID>/view, open?id=<ID>, uc?export=download&id=<ID>. The book opens with that PDF. | F3: Code review | G3: Verified in code | H3: Not yet tested end-to-end with a new Drive link. | I3: src/lib/student/lesson-resources.ts
A4: EV-03 | B4: Drive file requirements | C4: Editor | D4: Before pasting a link, check the file. | E4: Must be a PDF, shared 'Anyone with the link – Viewer', one file per lesson, under ~100 MB. | F4: Guidance | G4: Known limitation | H4: Restricted files, Google Docs links and folder links will not open.
A5: EV-04 | B5: EduNotes PDF is streamed | C5: Student | D5: Open a large EduNotes book. | E5: Bytes stream to the browser instead of being buffered; stays under serverless response limits. | F5: API call | G5: Pass | H5: First chunk 7.7 s, complete 13.0 s, full 18.7 MB received. | I5: src/app/api/student/edunotes/content/route.ts
A6: EV-05 | B6: EduNotes fetch retries once on connection failure | C6: Student | D6: The Drive connection drops before the response starts. | E6: One automatic retry before returning an error. | F6: Code review | G6: Verified in code | H6: Failure not reproduced on demand. | I6: src/app/api/student/edunotes/content/route.ts
A7: EV-06 | B7: Standalone EduNotes page still works | C7: Student | D7: Dashboard → EduNotes card (/student/lesson/edunotes?lessonId=…). | E7: Book opens and pages render. | F7: Browser (headless Chrome) | G7: Pass | H7: 2 PDF canvases rendered on the retry run. | I7: src/app/student/lesson/edunotes/page.tsx
A8: EV-07 | B8: Standalone Video page uses the same lesson data | C8: Student | D8: Dashboard → Video card (/student/lesson/video?lessonId=…). | E8: Plays the Editor-saved video; one request with the profile grade. | F8: API call + browser | G8: Pass | H8: /api/student/videos returned 6hyYVLv8hzY; single request grade=grade1. | I8: src/app/api/student/videos/route.ts; src/app/student/lesson/video/page.tsx
A9: EV-08 | B9: YouTube link formats | C9: Editor | D9: Use a watch, youtu.be, shorts or embed link in the Video field. | E9: Played through youtube-nocookie.com in the existing player. | F9: Browser + validation script | G9: Pass | H9: watch link played in the browser; youtu.be accepted by validation. | I9: src/lib/student/lesson-videos.ts
A10: EV-09 | B10: Non-YouTube video on an allowed site | C10: Editor | D10: Video field with e.g. a Google Drive preview link. | E10: Framed in the video area. | F10: Code review | G10: Verified in code | H10: Not browser-tested. | I10: src/app/student/lesson/[id]/page.tsx
A11: EV-10 | B11: Google Drive download speed | C11: Student | D11: Open a large EduNotes PDF. | E11: The book opens. | F11: Observation | G11: Known limitation | H11: ~8 s before the first bytes for 18.7 MB; one ECONNRESET seen earlier (before the retry was added). | I11: src/app/api/student/edunotes/content/route.ts

Sheet Curriculum & Grades
A1: ID | B1: Functionality | C1: Who uses it | D1: How to use / steps | E1: Expected result | F1: Test method | G1: Result | H1: Evidence / notes | I1: Key files
A2: CG-01 | B2: Read a grade's curriculum | C2: Editor | D2: Editor → Curriculum → pick a grade. | E2: curriculum.json loads; an unknown grade returns 404. | F2: API call | G2: Pass | H2: grade1 → 200 (7 chapters); grade42 → 404. | I2: src/app/api/editor/curriculum/[gradeId]/route.ts
A3: CG-02 | B3: Grades list with lesson counts | C3: Editor | D3: Editor → Grades. | E3: All grades listed with lesson counts and a curriculum flag. | F3: API call | G3: Pass | H3: 12 grades; grade1: 7 lessons, grade2: 1. | I3: src/app/api/editor/grades/route.ts
A4: CG-03 | B4: Save / update curriculum on a read-only server | C4: Editor | D4: Edit curriculum JSON on the deployed site → Save. | E4: Saved to the database; reads return the saved version. | F4: Read-only simulation script | G4: Pass | H4: Updated gradeLabel read back as 'Grade 99 Test'. | I4: src/lib/content/curriculum-store.ts
A5: CG-04 | B5: Create a grade on a read-only server | C5: Editor | D5: Editor → Grades → create grade. | E5: Grade created in the database and listed. | F5: Read-only simulation script | G5: Pass | H5: grade99 created (storedIn database), no files written. | I5: src/app/api/editor/grades/route.ts
A6: CG-05 | B6: Delete a grade on a read-only server | C6: Editor | D6: Editor → Grades → delete grade. | E6: Grade hidden by tombstones; student lesson data for it disappears; content stays recoverable. | F6: Read-only simulation script | G6: Pass | H6: grade99 exists → false; student resolver found:false. | I6: src/app/api/editor/grades/[gradeId]/route.ts
A7: CG-06 | B7: Built-in grades still readable | C7: Editor / Student | D7: Open any shipped grade on a read-only server. | E7: Shipped files are used when no database copy exists. | F7: Read-only simulation script | G7: Pass | H7: grade1 exists (shipped file). | I7: src/lib/content/curriculum-store.ts
A8: CG-07 | B8: Save / create / delete on a local writable server | C8: Editor | D8: Use the Curriculum and Grades editors locally. | E8: Files written/removed and mirrored to the database, as before. | F8: Code review | G8: Verified in code | H8: Writes not executed locally, to avoid changing real data. | I8: src/lib/content/curriculum-store.ts
A9: CG-08 | B9: Curriculum JSON shipped with deployed routes | C9: Ops | D9: Deploy to Vercel. | E9: Routes that read src/data/grades at runtime include the JSON files. | F9: Code review | G9: Verified in code | H9: outputFileTracingIncludes added. Not deployed yet. | I9: next.config.ts

Sheet Grades 1-12 Data
A1: Grade | B1: Curriculum topics | C1: Resolved OK (HTTP 200) | D1: With Architecture | E1: With Video | F1: With EduNotes | G1: Nothing configured | H1: Notes
A2: Grade 1 | B2: 31 | C2: 31 | D2: 16 | E2: 1 | F2: 6 | G2: 13 | H2: Video = the lesson saved in the Editor test. EduNotes from the Drive registry (6 lessons).
A3: Grade 2 | B3: 40 | C3: 40 | D3: 40 | E3: 0 | F3: 0 | G3: 0 | H3: Grade 2 lesson verified in the browser.
A4: Grade 3 | B4: 55 | C4: 55 | D4: 25 | E4: 0 | F4: 0 | G4: 30
A5: Grade 4 | B5: 34 | C5: 34 | D5: 31 | E5: 0 | F5: 0 | G5: 3
A6: Grade 5 | B6: 56 | C6: 56 | D6: 56 | E6: 0 | F6: 0 | G6: 0
A7: Grade 6 | B7: 0 | C7: 0 | D7: 0 | E7: 0 | F7: 0 | G7: 0 | H7: Curriculum has no chapters yet.
A8: Grade 7 | B8: 2 | C8: 2 | D8: 2 | E8: 0 | F8: 0 | G8: 0
A9: Grade 8 | B9: 0 | C9: 0 | D9: 0 | E9: 0 | F9: 0 | G9: 0 | H9: Curriculum has no chapters yet.
A10: Grade 9 | B10: 0 | C10: 0 | D10: 0 | E10: 0 | F10: 0 | G10: 0 | H10: Curriculum has no chapters yet.
A11: Grade 10 | B11: 1 | C11: 1 | D11: 1 | E11: 0 | F11: 0 | G11: 0
A12: Grade 11 | B12: 0 | C12: 0 | D12: 0 | E12: 0 | F12: 0 | G12: 0 | H12: Curriculum has no chapters yet.
A13: Grade 12 | B13: 0 | C13: 0 | D13: 0 | E13: 0 | F13: 0 | G13: 0 | H13: Curriculum has no chapters yet.
A14: Total | B14: =SUM(B2:B13) | C14: =SUM(C2:C13) | D14: =SUM(D2:D13) | E14: =SUM(E2:E13) | F14: =SUM(F2:F13) | G14: =SUM(G2:G13)
A16: Every curriculum topic was requested through /api/student/lesson-resources on 15 Sep 2026 (local data); no request failed.

Sheet Known Issues
A1: ID | B1: Issue | C1: Impact | D1: Suggested next step | E1: Status
A2: KI-01 | B2: Changes not yet tested on the Vercel deployment | C2: Read-only (database) storage was only simulated locally. | D2: Deploy, then save a lesson, curriculum and grade on the live site and open the lesson as a student. | E2: Open
A3: KI-02 | B3: Student sidebar/dashboard use the curriculum bundled at build time | C3: Curriculum edits saved on Vercel appear in the sidebar/dashboard only after restoring to files and redeploying (the lesson page itself is live). | D3: Load the curriculum for StudentContext from an API instead of a build-time import. | E3: Open
A4: KI-03 | B4: Only *.vercel.app, YouTube and Google Drive can be framed | C4: Architecture/Video links on other sites are rejected by the Editor. | D4: If another site is needed, add it to frame-src in next.config.ts and EMBEDDABLE_HOSTS in lesson-modules.ts. | E4: Open
A5: KI-04 | B5: Google Drive EduNotes downloads are slow | C5: ~8 s before the first bytes for an 18.7 MB PDF; connections occasionally reset. | D5: Host the PDFs on faster storage or cache them server-side. | E5: Open
A6: KI-05 | B6: Grade 1 counting-up-to-100.json holds the test-saved URLs | C6: Architecture and Video URLs from the screenshot were saved during testing; file indentation changed to 2 spaces. | D6: Keep if intended, or revert the file. | E6: Open
A7: KI-06 | B7: Two lint errors predate these changes | C7: set-state-in-effect in student/lesson/edunotes/page.tsx and in StudentContext's localStorage effect. | D7: Refactor those effects when convenient. | E7: Open
A8: KI-07 | B8: Admin Users & Roles page not browser-tested | C8: Type-checked and linted only. | D8: Click through list, filters, role change, approve, deactivate/restore, delete and create. | E8: Open
A9: KI-08 | B9: 'Add Student' / 'Invite Teacher' use the public sign-up endpoint | C9: With email verification off, sign-up signs in as the new account — likely logs the admin out. | D9: Switch those pages to POST /api/admin/users. | E9: Open
A10: KI-09 | B10: Grades 3–12 have no lesson files | C10: Editor links (including EduNotes) can only be added after creating the lesson in the Editor. | D10: Create lessons with the same ID or title as the curriculum topic. | E10: Open
A11: KI-10 | B11: Grades 6, 8, 9, 11 and 12 curricula are empty | C11: No topics to show students. | D11: Add chapters/topics in the Curriculum editor. | E11: Open
